predictor,detector,tp,fp,tn,fn,evaluated_points,recall,precision,f1_score,specificity,accuracy,summary_json,confusion_matrix_png
ewma,standard k=4.0,25,17,346,4717,5105,0.005272037115141291,0.5952380952380952,0.010451505016722408,0.953168044077135,0.07267384916748286,/Users/kamaltripathi/Documents/CSE@IITK/SEM_IV/Thesis_Work_SEM_IV_17_Feb_26/magnavis_v14/src/benchmark_feb13_2026_improved/results/20260429_213450/eval/baseline_ewma/baseline_ewma_OBS2_all_summary.json,/Users/kamaltripathi/Documents/CSE@IITK/SEM_IV/Thesis_Work_SEM_IV_17_Feb_26/magnavis_v14/src/benchmark_feb13_2026_improved/results/20260429_213450/eval/baseline_ewma/baseline_ewma_OBS2_all_confusion_matrix.png
median,standard k=4.0,43,25,338,4699,5105,0.009067903838043019,0.6323529411764706,0.01787941787941788,0.931129476584022,0.07463271302644466,/Users/kamaltripathi/Documents/CSE@IITK/SEM_IV/Thesis_Work_SEM_IV_17_Feb_26/magnavis_v14/src/benchmark_feb13_2026_improved/results/20260429_213450/eval/baseline_median/baseline_median_OBS2_all_summary.json,/Users/kamaltripathi/Documents/CSE@IITK/SEM_IV/Thesis_Work_SEM_IV_17_Feb_26/magnavis_v14/src/benchmark_feb13_2026_improved/results/20260429_213450/eval/baseline_median/baseline_median_OBS2_all_confusion_matrix.png
savgol,standard k=4.0,43,36,327,4699,5105,0.009067903838043019,0.5443037974683544,0.017838622692387472,0.9008264462809917,0.07247796278158668,/Users/kamaltripathi/Documents/CSE@IITK/SEM_IV/Thesis_Work_SEM_IV_17_Feb_26/magnavis_v14/src/benchmark_feb13_2026_improved/results/20260429_213450/eval/baseline_savgol/baseline_savgol_OBS2_all_summary.json,/Users/kamaltripathi/Documents/CSE@IITK/SEM_IV/Thesis_Work_SEM_IV_17_Feb_26/magnavis_v14/src/benchmark_feb13_2026_improved/results/20260429_213450/eval/baseline_savgol/baseline_savgol_OBS2_all_confusion_matrix.png
lstm_pretrained,standard k=4.0,3533,323,40,1209,5105,0.7450442851117672,0.9162344398340249,0.821819027680856,0.11019283746556474,0.6999020568070519,/Users/kamaltripathi/Documents/CSE@IITK/SEM_IV/Thesis_Work_SEM_IV_17_Feb_26/magnavis_v14/src/benchmark_feb13_2026_improved/results/20260429_213450/eval/lstm_pretrained/lstm_pretrained_ALL_summary.json,/Users/kamaltripathi/Documents/CSE@IITK/SEM_IV/Thesis_Work_SEM_IV_17_Feb_26/magnavis_v14/src/benchmark_feb13_2026_improved/results/20260429_213450/eval/lstm_pretrained/lstm_pretrained_ALL_confusion_matrix.png
lstm_fresh,standard k=4.0,1245,10,353,3497,5105,0.26254744833403626,0.9920318725099602,0.41520760380190097,0.9724517906336089,0.313026444662096,/Users/kamaltripathi/Documents/CSE@IITK/SEM_IV/Thesis_Work_SEM_IV_17_Feb_26/magnavis_v14/src/benchmark_feb13_2026_improved/results/20260429_213450/eval/lstm_fresh/lstm_fresh_ALL_summary.json,/Users/kamaltripathi/Documents/CSE@IITK/SEM_IV/Thesis_Work_SEM_IV_17_Feb_26/magnavis_v14/src/benchmark_feb13_2026_improved/results/20260429_213450/eval/lstm_fresh/lstm_fresh_ALL_confusion_matrix.png
attention_bi_lstm,standard k=4.0,3714,363,0,1028,5105,0.7832138338253901,0.9109639440765268,0.8422723664814605,0.0,0.7275220372184134,/Users/kamaltripathi/Documents/CSE@IITK/SEM_IV/Thesis_Work_SEM_IV_17_Feb_26/magnavis_v14/src/benchmark_feb13_2026_improved/results/20260429_213450/eval/attn_bilstm_fresh/attn_bilstm_fresh_ALL_summary.json,/Users/kamaltripathi/Documents/CSE@IITK/SEM_IV/Thesis_Work_SEM_IV_17_Feb_26/magnavis_v14/src/benchmark_feb13_2026_improved/results/20260429_213450/eval/attn_bilstm_fresh/attn_bilstm_fresh_ALL_confusion_matrix.png
gru_pretrained,standard k=4.0,3533,323,40,1209,5105,0.7450442851117672,0.9162344398340249,0.821819027680856,0.11019283746556474,0.6999020568070519,/Users/kamaltripathi/Documents/CSE@IITK/SEM_IV/Thesis_Work_SEM_IV_17_Feb_26/magnavis_v14/src/benchmark_feb13_2026_improved/results/20260429_213450/eval/gru_pretrained/gru_pretrained_ALL_summary.json,/Users/kamaltripathi/Documents/CSE@IITK/SEM_IV/Thesis_Work_SEM_IV_17_Feb_26/magnavis_v14/src/benchmark_feb13_2026_improved/results/20260429_213450/eval/gru_pretrained/gru_pretrained_ALL_confusion_matrix.png
gru_fresh,standard k=4.0,11,15,348,4731,5105,0.002319696330662168,0.4230769230769231,0.004614093959731544,0.9586776859504132,0.0703232125367287,/Users/kamaltripathi/Documents/CSE@IITK/SEM_IV/Thesis_Work_SEM_IV_17_Feb_26/magnavis_v14/src/benchmark_feb13_2026_improved/results/20260429_213450/eval/gru_fresh/gru_fresh_ALL_summary.json,/Users/kamaltripathi/Documents/CSE@IITK/SEM_IV/Thesis_Work_SEM_IV_17_Feb_26/magnavis_v14/src/benchmark_feb13_2026_improved/results/20260429_213450/eval/gru_fresh/gru_fresh_ALL_confusion_matrix.png
transformer_pretrained,standard k=4.0,0,0,363,4742,5105,0.0,0.0,0.0,1.0,0.07110675808031341,/Users/kamaltripathi/Documents/CSE@IITK/SEM_IV/Thesis_Work_SEM_IV_17_Feb_26/magnavis_v14/src/benchmark_feb13_2026_improved/results/20260429_213450/eval/transformer_pretrained/transformer_pretrained_ALL_summary.json,/Users/kamaltripathi/Documents/CSE@IITK/SEM_IV/Thesis_Work_SEM_IV_17_Feb_26/magnavis_v14/src/benchmark_feb13_2026_improved/results/20260429_213450/eval/transformer_pretrained/transformer_pretrained_ALL_confusion_matrix.png
